{"cameraMode":{"drawMode":0,"name":"Shaded","section":"Shading Mode"},"sceneLighting":true,"audioPlay":false,"sceneViewState":{"showFog":false,"showMaterialUpdate":false,"showSkybox":false,"showFlares":false,"showImageEffects":false,"showParticleSystems":true},"in2DMode":false,"pivot":{"x":476.55133056640627,"y":0.0,"z":107.99574279785156},"rotation":{"x":-0.06640860438346863,"y":0.9294637441635132,"z":-0.20717263221740724,"w":-0.29793721437454226},"size":4.041658401489258,"orthographic":false}