{"cameraMode":{"drawMode":0,"name":"Shaded","section":"Shading Mode"},"sceneLighting":true,"audioPlay":false,"sceneViewState":{"showFog":false,"showMaterialUpdate":false,"showSkybox":false,"showFlares":false,"showImageEffects":false,"showParticleSystems":true},"in2DMode":false,"pivot":{"x":0.6058259010314941,"y":-1.993812918663025,"z":0.15091419219970704},"rotation":{"x":-0.06640860438346863,"y":0.9294637441635132,"z":-0.20717263221740724,"w":-0.29793721437454226},"size":19.177297592163087,"orthographic":false}